ID,sequence
satpdb10005.pdb,KWKKLLKKPPPLLKKLLKKL
satpdb10006.pdb,FLGMIPKLIKKLIKAFK
satpdb10023.pdb,ILPLVGNLLNDLL
satpdb10029.pdb,TLGEWYNQTKDLQQKFYEIIMDIEQNNVQGKKG
satpdb10045.pdb,DEMEEC
satpdb10076.pdb,FLSLIPHAINAVSAIAKHS
satpdb10131.pdb,ALWKDVLKKIGTVALHAGKAALGAVADTISQ
satpdb10156.pdb,GWLKKIGKKIERVGQHTRDATIQGLGIAQQAANVAATAR
satpdb10195.pdb,SILPTIVSFLTKFL
satpdb10268.pdb,GVGDLIRKAVAAIKNIV
satpdb10299.pdb,DILRG
satpdb10320.pdb,FLGLLPSIVSGAVSLVKKL
satpdb10323.pdb,NEKWLWLE
satpdb10338.pdb,LLSLVPHAINAVSAIAKHF
satpdb10401.pdb,GEWYNQTKDLQQKFYEIIMDIEQNNVQGKKGIQQL
satpdb10405.pdb,ALWKTLLKKVLKA
satpdb10421.pdb,FLSLIPHAINAISAIANHL
satpdb10435.pdb,RLYLRIGRR
satpdb10440.pdb,FFLPPCAHKGTC
satpdb10465.pdb,GIGSILGVIAKGLPTLISWIKNR
satpdb10467.pdb,KWKLFKKIGAVLKVL
satpdb10512.pdb,FLSLLPSLVSGAVSLVKIL
satpdb10523.pdb,GILDVAKTLVGKLRNVLGI
satpdb10531.pdb,RTSKKR
satpdb10571.pdb,GFKMALKLLKKVL
satpdb10596.pdb,WRSLGRTLLRLSHALKPLARRSGW
satpdb10684.pdb,FLSLIPSLVGGSISAFK
satpdb10723.pdb,GMWSKLLGHLLR
satpdb10727.pdb,GIGTKILGGVKTALKGALKELASTYAN
satpdb10762.pdb,GLFKVLGSVAKHLLPHVVPVIAEK
satpdb10811.pdb,KWAWAWI
satpdb10815.pdb,GILDAIKAIAKAAG
satpdb10823.pdb,GVVDILKGAAKDLAGHLASKVMNKI
satpdb10833.pdb,GLADFLNKAVGKVVDFVKS
satpdb10860.pdb,GLFVGLAKVAAHNNPAIAEHFQA
satpdb10878.pdb,GMWKKILGHLIR
satpdb10888.pdb,GLVGTLLGHIGKAILG
satpdb10912.pdb,KWKSFIKKLTSAAKKVVTTAKPLISS
satpdb10924.pdb,DPPDPDRFYGMM
satpdb10942.pdb,SLTLN
satpdb10971.pdb,GFGSVLGKALKFGANLL
satpdb11016.pdb,ALALLHALHLALLAHLAHLALA
satpdb11017.pdb,HEDHVGHI
satpdb11021.pdb,QPNPDEFVGLM
satpdb11093.pdb,FF
satpdb11101.pdb,FLPLLASLFSGLF
satpdb11118.pdb,ALWKTLLKKVLKA
satpdb11132.pdb,LLL
satpdb11140.pdb,ILGPVIGTTGNVLGGLLKNL
satpdb11163.pdb,KWKVFKKIEKMGRNIRNGIVKAGPAIAVLGEAKAILS
satpdb11220.pdb,GLWSKIKEAAKTAGKAAMGFVNEMV
satpdb11230.pdb,FLPLVGKILSGLI
satpdb11245.pdb,KPWERE
satpdb11279.pdb,GLFDVIKKVASVIGGL
satpdb11307.pdb,TRSSRAGLQWPVGRVHRLLRKGGC
satpdb11315.pdb,DDIVPC
satpdb11348.pdb,IIPLPLGYFAKKP
satpdb11350.pdb,QEYTGWMDF
satpdb11466.pdb,VK
satpdb11475.pdb,GLKDIFKAGLGSLVKNIAAHVAN
satpdb11495.pdb,YAGAVVNDL
satpdb11506.pdb,GKWLSLLKHILK
satpdb11508.pdb,FLSLIPHIATGIAALAKHL
satpdb11522.pdb,GLKDIFKAGLGSLVKGIAAHVAN
satpdb11524.pdb,FLFSLIPSAISGLISAFKGRR
satpdb11525.pdb,GKWKKILGHLIR
satpdb11528.pdb,RVCFAIPLPICH
satpdb11548.pdb,DDDLEAC
satpdb11552.pdb,DDVLEAC
satpdb11580.pdb,RWWCC
satpdb11589.pdb,AILRG
satpdb11600.pdb,RWYCG
satpdb11616.pdb,GMFTNMLKGIGKLAGQAALGAVKTLA
satpdb11679.pdb,ALWKTLLKKVLKA
satpdb11781.pdb,DELIACASHL
satpdb11825.pdb,KWKLFKKIGAVLKVL
satpdb11842.pdb,ASAAGAVREDDDETLLNPVLNSLDNLVSGL
satpdb11856.pdb,ILPILSLIGGLLGK
satpdb11858.pdb,IAC
satpdb11859.pdb,KILRGVAKKIMRTFLRRISKDILTGKK
satpdb11865.pdb,GFGMALKLLKKVL
satpdb11873.pdb,GKWKKILGKLIR
satpdb11887.pdb,GVWDWLKKTAKNVWNSDIVKQLKGKAINAAKNYVAEKIGATPS
satpdb11902.pdb,LLR
satpdb11910.pdb,FLFSLIPSAIAGLVSAIRN
satpdb11946.pdb,GLFGILGSVAKHVLPHVIPVVAEHL
satpdb11971.pdb,GLWSTIKQKGKEAAIAAAKAAGQAVLNSASEAL
satpdb12037.pdb,FGFLPIYRRPAS
satpdb12078.pdb,GLWSNIKTAGKEAAKAALKAAGKAALGAVTDAV
satpdb12093.pdb,GFGSLLGKALRLGANVL
satpdb12095.pdb,HRKRRR
satpdb12159.pdb,FLWGLIPGAISAVTSLIKK
satpdb12173.pdb,GIGTKILGGVKTALKGALKELASTYVN
satpdb12181.pdb,ASLRVRIKKQ
satpdb12218.pdb,IWSAIWSGIKGLL
satpdb12219.pdb,IYEPEIA
satpdb12227.pdb,SKKR
satpdb12294.pdb,KKR
satpdb12302.pdb,GMWSKILGKLIR
satpdb12319.pdb,RWKIFKKIEKVGRNVRDGIIKAGPAVAVVGQAATVVK
satpdb12333.pdb,ILQKAVLDCLKAAGSSLSKAAITAIYNKIT
satpdb12368.pdb,GLLDIVKKVVGAFGSL
satpdb12429.pdb,GLFAVIKKVAAVIKKL
satpdb12483.pdb,GLWSKIKDVAAAAGKAALGAVNEAL
satpdb12498.pdb,GLLDVVGNVLHSLGL
satpdb12515.pdb,VNWKKILGKIIKVAK
satpdb12517.pdb,VLFPWFNQY
satpdb12519.pdb,KKKFPWWWPFKKKCKKKFPWWWPFKKKC
satpdb12646.pdb,FAAGRR
satpdb12675.pdb,YAFGYPS
satpdb12680.pdb,SLGGFLKGVGKALAGVGKVVADQFGNLLQAGQ
satpdb12681.pdb,FFPIVGKLLFGLSGLL
satpdb12755.pdb,RWCFRVCYRGICYRKCR
satpdb12781.pdb,GLFDVIKAVASVIGGL
satpdb12800.pdb,RGGRLCYCRPRFCVCVGR
satpdb12834.pdb,KVKVKVKVPPTKVKVKVK
satpdb12849.pdb,EDVVC
satpdb12868.pdb,VLFPVLFP
satpdb12882.pdb,KWKLFKKIGIGAFLHSAKKF
satpdb12884.pdb,ILGAILPLVSGLLSNKL
satpdb12892.pdb,SLIPHAINAVSAIAKHF
satpdb12905.pdb,GLWEKIKEKANELVSGIVEGVK
satpdb12911.pdb,VVNDL
satpdb12939.pdb,GLLDALSGILGL
satpdb12964.pdb,FLPIAGKLLSGLSGLL
satpdb13006.pdb,YAGAVVNDL
satpdb13010.pdb,GLFDAIGNLLGGLGL
satpdb13046.pdb,VLFPFFNQY
satpdb13072.pdb,ILGPVLGLVGNALGGLLKNL
satpdb13076.pdb,GLFDIVKKIAGHIVSSI
satpdb13087.pdb,GLFAVIKKVAAVIRRL
satpdb13137.pdb,GLFDIVKKIAGHIASSI
satpdb13149.pdb,RWYCG
satpdb13161.pdb,WRRRIR
satpdb13181.pdb,LY
satpdb13186.pdb,HHKRRR
satpdb13202.pdb,RPKPQQFFGLM
satpdb13204.pdb,GLFGILGSVAKHVLPHVVPVIAEHS
satpdb13229.pdb,GIGKFLKKAKKFAKAFVKIINN
satpdb13239.pdb,DELEAC
satpdb13349.pdb,QPWLPFG
satpdb13371.pdb,DDIVPV
satpdb13387.pdb,GKWSKILGKLIR
satpdb13391.pdb,GLFSVLGSVAKHLLPHVAPIIAEKL
satpdb13415.pdb,KWKLFKKIGAVLKVL
satpdb13462.pdb,FVGAALKVLANVLPPVISWIKQ
satpdb13464.pdb,VLPLVGNLLNDLL
satpdb13499.pdb,WKKWFKKWK
satpdb13519.pdb,VNWKKLLGKLLKVVK
satpdb13566.pdb,AFGMALKLLKKVL
satpdb13588.pdb,LRPAILVRIK
satpdb13634.pdb,FLSLIPHAINAVSALVHHF
satpdb13649.pdb,GRLQAFLAKMKEIAAQTL
satpdb13717.pdb,GLLSLLSLLGKLL
satpdb13756.pdb,GLFDIVKKIAGHIAGSI
satpdb13778.pdb,FPPWF
satpdb13793.pdb,FIGSALKVLAGVLPSIVSWVKQ
satpdb13809.pdb,ALWKTLLKKVLKA
satpdb13844.pdb,AVLDILKDVGKGLLSHFMEKV
satpdb13847.pdb,FLPFLKSILGKIL
satpdb13883.pdb,LSPNLLKSLL
satpdb13897.pdb,ILGPVLGLDGNALGGLIKKI
satpdb13924.pdb,TRSSRAGLQFPVGRVHRLLRK
satpdb13942.pdb,QRLGHQWAVGHLM
satpdb13946.pdb,FLGALWNVAKSVF
satpdb13951.pdb,RRWWCRV
satpdb13955.pdb,GLLSGILNTAGGLLGNLIGSLSN
satpdb13989.pdb,FLPLLFGAISHLL
satpdb13995.pdb,VLFPWWNQY
satpdb14026.pdb,RHWCW
satpdb14095.pdb,FLFSLIPSVIAGLVSAIRN
satpdb14138.pdb,FLPILINLIHKGLL
satpdb14147.pdb,ALWKTMLKKLGTVALHAGKAALGAAADTISQGA
satpdb14178.pdb,DELEAC
satpdb14180.pdb,ILGPVISTIGNVLGGLLKNL
satpdb14189.pdb,RADTQTYQPYNKDWIKEKIYVLLRRQAQQAGK
satpdb14312.pdb,ACNFQSCWATCQAQHSIYFRRAFCDRSQCKCVFVRG
satpdb14316.pdb,GIGAKILGGVKTALKGALKELASTYVN
satpdb14414.pdb,ALWKTLLKKVLKA
satpdb14434.pdb,AMWKDVLKKIGTVALHAGKAALGAVADTISQ
satpdb14457.pdb,GMWSKIKEAGKAAAKAAAKAAGKAALDVVSGAI
satpdb14478.pdb,FVHPM
satpdb14569.pdb,QGGGPQWAVGHFM
satpdb14594.pdb,KILRGVAKKIMRTFLRRISKKILTGKK
satpdb14637.pdb,GVVDILKGAAKDLAGHLATKVMNKL
satpdb14646.pdb,FLPFLAKILTGVL
satpdb14661.pdb,FLSLIPHAINAVSALANHG
satpdb14663.pdb,GVIDAAKKVVNVLKNLP
satpdb14720.pdb,RGGRLCYCRRRFCICV
satpdb14724.pdb,FFPIVGKLLFGKLL
satpdb14745.pdb,KR
satpdb14772.pdb,GWRLLLKKAEVKTVGKLALKHYL
satpdb14776.pdb,EMEEC
satpdb14777.pdb,YAVVNDL
satpdb14787.pdb,EAC
satpdb14788.pdb,GKLQAFLAKMKEIAAQTL
satpdb14797.pdb,GLFAVIKKVASVIKGL
satpdb14851.pdb,VNWILGIIVV
satpdb14908.pdb,GFRKFHKFWA
satpdb14912.pdb,RRWWCRP
satpdb14927.pdb,NFLGTLINLAKKIM
satpdb14972.pdb,TKDLQQKFYEIIMDIEQNNVQGKKGIQQLQKWEDW
satpdb15039.pdb,FLGLLGSLL
satpdb15048.pdb,GQKKIRVRLS
satpdb15054.pdb,FLSLALAALPKLFCLIFKKC
satpdb15094.pdb,FIPLVSGLFSRLL
satpdb15130.pdb,SLSRFLSFLKIVYPPAF
satpdb15178.pdb,GIGKFLHSAKKWGKAFVGQIMNC
satpdb15228.pdb,FLLSLPHLASGLASLVLSK
satpdb15248.pdb,GFADLFGKVANLIKS
satpdb15255.pdb,GLLDGLLGTLGL
satpdb15275.pdb,FLPFLIPALTSLISSL
satpdb15305.pdb,GLLSFLPKVIGVIGHLIHPPS
satpdb15313.pdb,GIGGALLSVGKSALKGLTKGLAEHF
satpdb15346.pdb,KRRH
satpdb15387.pdb,GIGTKFLGGVKTALKGALKELAFTYVN
satpdb15417.pdb,RRRPRPPYLPRPRPPPFFPPRLPPRIPPGFPPRFPPRFP
satpdb15418.pdb,ACDTATCVTHRLAGLLSRSGGVVKNNFVPTNVGSKAF
satpdb15441.pdb,RYLGYL
satpdb15478.pdb,GLFVGVLAKVAAHVVPAIAEHF
satpdb15488.pdb,RRIPRPILLPWRPPRPIPRPQPQPIPRWL
satpdb15516.pdb,ASAAGAVRAGDDETLLKPVLNSLDNLVSGL
satpdb15517.pdb,GILDAIKAFANALG
satpdb15543.pdb,IWLTALKFLGKNLGKHLAKQQLAKL
satpdb15612.pdb,GLGDILGLLGL
satpdb15627.pdb,GMWSKILGHLKR
satpdb15668.pdb,VYWKKILGKIIKVVK
satpdb15706.pdb,GLLSSLGSVAKHVLPHVVPVIAEHL
satpdb15795.pdb,DELEAC
satpdb15844.pdb,MHKRRR
satpdb15856.pdb,GLFDIIKKVASVIGGL
satpdb15873.pdb,GLVTSLIKGAGKLLGGLFGSVTG
satpdb15879.pdb,KAYSMPRCKYLFRAVLCWL
satpdb15908.pdb,GFIFHIIKGLFHAGKMIHGLV
satpdb15913.pdb,FLPLIGKILGTIL
satpdb15928.pdb,ALKAALLAILKIVRVIKK
satpdb15933.pdb,WLWEQE
satpdb15955.pdb,FLSAITSLLGKLL
satpdb15972.pdb,IIGHLIKTALGMLGL
satpdb16004.pdb,GLWSTIKQKGKEAAIAAAKAAGKAVLNAASEAL
satpdb16010.pdb,LLRVKR
satpdb16054.pdb,FLPIVGKLLSGLSGLL
satpdb16074.pdb,NILNTIINLAKKIL
satpdb16102.pdb,FISGLIGGLMKAL
satpdb16194.pdb,V
satpdb16198.pdb,RRWWCRY
satpdb16226.pdb,GVLDIFKDAAKQILAHAAEQI
satpdb16241.pdb,GLFDVIKKVASVIKGL
satpdb16271.pdb,QADPKTFYGLM
satpdb16273.pdb,LALALKHALHKALLLAKHLAHKLALA
satpdb16353.pdb,WEDWVGWI
satpdb16387.pdb,LGEWYNQTKDLQQKFYEIIMDIEQNNVQGKKGIQQ
satpdb16397.pdb,GKWMKLLKHILK
satpdb16424.pdb,ILGPVLGLVSDTLDDVLGIL
satpdb16444.pdb,IEFFT
satpdb16457.pdb,GMASKAGSVLGKLAKVAIGAL
satpdb16483.pdb,GLFGVLGSIAKHVLPHVVPVIAEKL
satpdb16493.pdb,GWGDTFLKTMAKIAKVGPKLLHS
satpdb16511.pdb,FLSLIPHAINAISAIAHHL
satpdb16530.pdb,ALWKTLLKKVLKA
satpdb16531.pdb,ALYLAIRRR
satpdb16602.pdb,ATAEATRRMLHRAFDTLA
satpdb16625.pdb,FPPWE
satpdb16656.pdb,KWKLFKKIGIGKFLHLAKKF
satpdb16690.pdb,DEVEAC
satpdb16694.pdb,KWKLFKKIGIGAVLKVLTTGLPALIS
satpdb16729.pdb,ALWKDILKNAGKAALNEINQIVQ
satpdb16737.pdb,KWAWAWI
satpdb16748.pdb,LLRVKR
satpdb16759.pdb,GLWEKIKEKASELVSGIVEGVK
satpdb16781.pdb,LGGIVSAVKKIVDFLG
satpdb16829.pdb,KISKRILTGKK
satpdb16837.pdb,HLCW
satpdb16848.pdb,RRWWCRN
satpdb16861.pdb,RRRRHWCW
satpdb16870.pdb,YAGAVVNDL
satpdb16882.pdb,KILRGVAKKIMRTFLRRILTGKK
satpdb16910.pdb,ALWKTLLKKVLKA
satpdb16915.pdb,ASAAGAVRAGDDETLLNPVLNSLDNLVSGL
satpdb16916.pdb,GFGPAFHSVSNFAKKHKTA
satpdb16924.pdb,ALWKTLLKKVLKA
satpdb16950.pdb,GVLSVIKNALPGIMRF
satpdb16996.pdb,GFWGSLWEGVKSVV
satpdb17013.pdb,AKGFAANHS
satpdb17056.pdb,KWKLFKKIGIGKFLHSATTF
satpdb17072.pdb,LGPALITRKPLKGKP
satpdb17096.pdb,WLWSENSK
satpdb17114.pdb,WYCG
satpdb17121.pdb,FKV
satpdb17173.pdb,RRWWCRS
satpdb17184.pdb,IIGPVLGMVGSALGGLLKKI
satpdb17212.pdb,GWLRKAAKSVGKFYYKHKYYIKAAWKIGRHAL
satpdb17217.pdb,DEMEAC
satpdb17251.pdb,GIGTKILGGVKTALKGALKELAFTYAN
satpdb17290.pdb,GLWQKIKNAAGDLASGIVEGIKS
satpdb17319.pdb,KWKLFKKIGAVLKVL
satpdb17320.pdb,DDIVPV
satpdb17366.pdb,EAC
satpdb17373.pdb,ALWKTLLKKVLKA
satpdb17427.pdb,FLPIVGKLLSGLSGLS
satpdb17438.pdb,AGAVVNDL
satpdb17447.pdb,TKPTLLGLPLGAGPAAGPGKR
satpdb17473.pdb,ALWKTLLKKVLKA
satpdb17493.pdb,FRWWHR
satpdb17618.pdb,YAGAVVNDL
satpdb17641.pdb,RRRRHLCW
satpdb17679.pdb,ALWKTLLKKVLKA
satpdb17680.pdb,RRWWCRL
satpdb17684.pdb,AGRR
satpdb17690.pdb,GLWKNMLSGIGKLAGQAALGAVKTLV
satpdb17722.pdb,DELEAC
satpdb17731.pdb,RRWWCRW
satpdb17736.pdb,GIGKFLHSAKKFAKAFVAEIMNS
satpdb17776.pdb,KNWKKILKKIIKVVK
satpdb17797.pdb,LFGMALKLLKKVL
satpdb17813.pdb,GLLQTIKEKLESLESLAKGIVSGIQA
satpdb17836.pdb,GLWSKIKEVGKEAAKAAAKAAGKAALGAVSEAV
satpdb17874.pdb,RGLRRLGRKIAHTVKKYG
satpdb17885.pdb,ALWKTLLKKVLKA
satpdb17918.pdb,WLLVN
satpdb17939.pdb,FLPVLGKVIKLVGGLL
satpdb17943.pdb,QGRLGTQWAVGHLM
satpdb17965.pdb,DELEAC
satpdb17966.pdb,EVKKQR
satpdb17971.pdb,ALWKDILKNVGKAAGKAVLNTVTDMVNQ
satpdb18015.pdb,FLSLIPTAINAVSALAKHF
satpdb18016.pdb,FLSLIPHAINAISAIADHF
satpdb18050.pdb,GIGGALLSAGKSALKGLAKGLAEHF
satpdb18086.pdb,ATAAETRRMLHRAFDTLA
satpdb18092.pdb,GVVDILKGAGKDLLAHALSKLSEKV
satpdb18121.pdb,FLGMIPGLIGGLISAFK
satpdb18149.pdb,RLLLRIGRR
satpdb18168.pdb,GIGGALLSAGKSALKGLAKGLAEHFAN
satpdb18178.pdb,ASIVKTTIKASKKLCRGFTLTCGCHFTGKK
satpdb18212.pdb,FFPIVGKLLSGLF
satpdb18213.pdb,FLSAITSILGKFF
satpdb18218.pdb,GLWEKIREKANELVSGIVEGVK
satpdb18268.pdb,GIGGKILGGLKTALKGAAKELAATYLH
satpdb18278.pdb,ILPIIGKILSTIF
satpdb18296.pdb,RILRG
satpdb18312.pdb,TTSTRR
satpdb18318.pdb,QQDYGTGWFDF
satpdb18323.pdb,GLFKVIKKVAKVIKKL
satpdb18346.pdb,GLFDVIKKVASVIGLASP
satpdb18347.pdb,ITIPPIVKDTLKKFIKGAISSVM
satpdb18391.pdb,GLLGLLGSVVSHVLPAITQHL
satpdb18393.pdb,KWKLFAKIGIGKFLHLAKKF
satpdb18435.pdb,FPPWM
satpdb18492.pdb,VNKKLLGKLLKVVK
satpdb18509.pdb,LLRHVVKILEKYL
satpdb18553.pdb,VNWKKIILGKIIKVVK
satpdb18566.pdb,GLWQKIKQAAGDLASGIVEGIKS
satpdb18625.pdb,FCTMIPIPRCY
satpdb18632.pdb,GMWSKILGHLIR
satpdb18673.pdb,RRWWCRE
satpdb18735.pdb,GLFKVLGSVAKHLLPHVAPIIAEKL
satpdb18736.pdb,GLWQKIKSAAGDLASGIVEGIKS
satpdb18745.pdb,LIGPVLGLVGSALGGLLKKI
satpdb18880.pdb,KF
satpdb18896.pdb,QEYRGWMDF
satpdb18907.pdb,LY
satpdb18915.pdb,QQDYTGSHMDF
satpdb18950.pdb,KWKVFKKIEKMGRNIRNGIVKAGPAIAVLGEAKAL
satpdb18989.pdb,IAC
satpdb19009.pdb,GLLGVLGSVAKHVLPHVVPVIAEHL
satpdb19011.pdb,FIITGLVRGLTKLF
satpdb19021.pdb,MRKRRR
satpdb19049.pdb,ALWKTLLKKVLKA
satpdb19059.pdb,FLPGLIAGIAKML
satpdb19062.pdb,ALWKTLLKKVLKA
satpdb19068.pdb,GKR
satpdb19071.pdb,GKWMSLLKHIWK
satpdb19126.pdb,GIGAKILGGVKTALKGALKELAFTYVN
satpdb19150.pdb,GFWTTAAEGLKKFAKAGLASILNPK
satpdb19156.pdb,KWKLFKKIGIGAVLKVLKKG
satpdb19187.pdb,GKWMSLLKKILK
satpdb19191.pdb,FFPLLFGALSSMMPKLF
satpdb19246.pdb,ILGPVLSLVGNALGGLIKKI
satpdb19249.pdb,GFADLFGKAVDFIKS
satpdb19254.pdb,FLPLFASLIGKLL
satpdb19311.pdb,QQWAVGHFM
satpdb19384.pdb,RRHLCW
satpdb19449.pdb,ALWKTLLKKVLKA
satpdb19465.pdb,FIGAIARLLSKIFGKR
satpdb19476.pdb,KWKLFKKIGAVLKVL
satpdb19538.pdb,KKWWKKWFK
satpdb19601.pdb,GMASKAGSIVGKIAKIALGAL
satpdb19622.pdb,GLLSVLGSLKLIVPHVVPLIAEHL
satpdb19625.pdb,KLSPSLGPVSKGKLLAGQR
satpdb19628.pdb,DDIVPV
satpdb19637.pdb,FWGKLWEGVKNAI
satpdb19639.pdb,GLFAVIKKVAKVIKKL
satpdb19668.pdb,ATAEETRRMAHRAFDTLA
satpdb19690.pdb,ILPILAPLIGGLL
satpdb19695.pdb,FLSLIPAAISAVSALADHF
satpdb19697.pdb,GWMSKIASGIGTFLSGIQQ
satpdb19698.pdb,ATAEETRRALHRAFDTLA
satpdb19730.pdb,RRWWRF
satpdb19768.pdb,RVCYAIPLPIC
satpdb19801.pdb,GLLGMVGSLLGGLGL
satpdb19813.pdb,WNHGNITLGEWYNQTKDLQQKFYEIIMDIEQNNVQ
satpdb19877.pdb,GVIDAAKKVVNVLKNLF
satpdb19889.pdb,FLPFFASLLGKLL
satpdb19908.pdb,FFKKLHALHLALLAHLAHLKKA
satpdb19972.pdb,GLWKNMLSGIGKLAGEAALGAVKTLV
satpdb19978.pdb,RRRRHLCW
satpdb19985.pdb,DEIEAC
satpdb19995.pdb,YPPKPESPGEDASPEEMNKYLTALRHYINLVTRQRY
satpdb20021.pdb,GIGTKFLGGLKTAVKGALKELASTYVS
satpdb20022.pdb,GIGGALLSAGKSALKGLAKGLAEHL
satpdb20028.pdb,QQDYTGWFDF
satpdb20032.pdb,GLWSKIKEAGKAAVKAAGKAALGAVANSV
satpdb20069.pdb,GVGDIFRKIVSTIKNVV
satpdb20087.pdb,KYALMKKIAELIPNLKSRQVK
satpdb20117.pdb,GIWDTIKSMGKVFAGKILQNL
satpdb20126.pdb,LLGPVLGLVSNALGGLLKNI
satpdb20134.pdb,RWWCC
satpdb20169.pdb,QPHPNEFVGLM
satpdb20185.pdb,GIGTKILGGVKAALKGALKELASTYVN
satpdb20222.pdb,GIGGVLLSAGKAALKGLAKVLAEKYAN
satpdb20230.pdb,GTGNI
satpdb20259.pdb,KWKLFKKIGAVLKVL
satpdb20292.pdb,AGDDETLLKPVLNSLDNLVSGL
satpdb20386.pdb,MDSFQKIEKIGEGTYGVVYKAKDKVSGRLVALKKIRLENESEGVPSTA
satpdb20401.pdb,GLWSKIKEAAKTAGKMAMGFVNDMV
satpdb20402.pdb,QTKDLQQKFYEIIMDIEQNNVQGKKGIQQLQKWED
satpdb20427.pdb,PPPEE
satpdb20454.pdb,RRHWCW
satpdb20458.pdb,GLFDVIKKVAAVIGGL
satpdb20494.pdb,WKKIRVRLSA
satpdb20554.pdb,GIVDFAKGVLGKIKNVLGI
satpdb20594.pdb,GKKLALALALALALALALALKKA
satpdb20623.pdb,FLSLIPHAINAVGVHAKHF
satpdb20631.pdb,FLSLIPKLVKKIIKAFK
satpdb20683.pdb,EDVVCC
satpdb20688.pdb,ILGPVIGTIGNVLGGLIKKI
satpdb20695.pdb,GKIIKLKASLKLL
satpdb20717.pdb,FLPFLASLLTKVL
satpdb20739.pdb,GWKKWLRKGAKHLGQAAIKGLAS
satpdb20745.pdb,GVLDAFRKIATVVKNLV
satpdb20764.pdb,DELIACPADLPYK
satpdb20780.pdb,ALWKTLLKKVLKA
satpdb20827.pdb,ITIPPIVKDTLKKFIKGAISGVM
satpdb20828.pdb,FLPFLASLLSKVL
satpdb20840.pdb,KWKLFKKIEKVGQNIRDGIIKAGPAVAVVGQATQIAK
satpdb20907.pdb,FLSLIPHAISAISAIADHL
satpdb20913.pdb,RRKRRR
satpdb20959.pdb,FPLPSCVYTRTC
satpdb20998.pdb,KWKLFKKIGIGKFKLAKKF
satpdb21012.pdb,KKALLHALHLALLAHLAHLKKA
satpdb21058.pdb,GWLRKLGKKIERIGQHTRDASIQVLGIAQQAANVAATAR
satpdb21065.pdb,ALWKTLLKKVLKA
satpdb21092.pdb,RLGTALPALLKTLLAGLNG
satpdb21172.pdb,GVLDILKGAAKDLAGHVATKVINKI
satpdb21188.pdb,ATAEETRRMLHRAADTLA
satpdb21276.pdb,FFPFLLGALGSLLPKIF
satpdb21287.pdb,AGVLW
satpdb21304.pdb,VNWKKVLGKVVKVVK
satpdb21312.pdb,QQDYTGAHFDF
satpdb21326.pdb,KKKFPWWWPFKKK
satpdb21389.pdb,EWYNQTKDLQQKFYEIIMDIEQNNVQGKKGIQQLQ
satpdb21440.pdb,SLGGFLKGVGKALAGVGKMVADQFGNLLQAGQ
satpdb21451.pdb,GLFAVIKKVASVIGGL
satpdb21519.pdb,GIGTKILGGLKTAVKGALKELASTYVN
satpdb21583.pdb,RHKRRR
satpdb21590.pdb,LWDENEKW
satpdb21604.pdb,GIGVLLSAGKAALKGLAKVLAEKYAN
satpdb21608.pdb,VLPLISMALGKLL
satpdb21612.pdb,WLIIN
satpdb21633.pdb,FLSLIPHIVSGVASIAKHF
satpdb21670.pdb,ITLGEWYNQTKDLQQKFYEIIMDIEQNNVQGKKGI
satpdb21689.pdb,GLLDMVTGLLGNL
satpdb21690.pdb,EDGGSWIESWPEWWLG
satpdb21817.pdb,RRWWCRF
satpdb21825.pdb,YGAVVNDL
satpdb21871.pdb,ILSAIWSGIKSLF
satpdb21879.pdb,GMWSKIKNAGKAAAKASKKAAGKAALGAVSEAL
satpdb21881.pdb,PSGSNIISNLFKED
satpdb21902.pdb,KNWKKILGKIIKVVK
satpdb21908.pdb,KVKVKVKVPPTKVKVKVK
satpdb21925.pdb,GLLSVLGSVVKHVIPHVVPVIAEHL
satpdb21929.pdb,FIKELLPHLSGIIDSVANAIKG
satpdb21969.pdb,SILPTIVSFLSKVF
satpdb21979.pdb,LRPAVIVRTKGK
satpdb22004.pdb,ALYLAIRRR
satpdb22010.pdb,KWKLFKKIGIGAVLKVLTTGLPALIS
satpdb22014.pdb,GFGMALLLVL
satpdb22050.pdb,FLPIVTNLLSGLL
satpdb22052.pdb,RRHWCW
satpdb22131.pdb,KKALLAHALHLLALLALHLAHALKKA
satpdb22140.pdb,YPSKPDNPGEDAPAEDMARYYSALRHYINLITRQRY
satpdb22147.pdb,FVDLKKIANIINSIFGK
satpdb22188.pdb,GIGKFLKKAKKFAKAFVKIINN
satpdb22246.pdb,ATAEETRRMLHRAFDTAA
satpdb22248.pdb,GLWSKIKETGKEAAKAAGKAALNKIAEAV
satpdb22250.pdb,IIGHLIKTALGFLGL
satpdb22283.pdb,FLGGILNTITGLL
satpdb22308.pdb,LRG
satpdb22337.pdb,GFGKAFHSVSNFAKKHKTA
satpdb22405.pdb,SILPTIVTFLSKFL
satpdb22412.pdb,ALWKTLLKKVLKA
satpdb22450.pdb,GLLCYCRKGHCKRGERVRGTCTCGIRFLYCCPRR
satpdb22460.pdb,ALWKTLLKKVLKA
satpdb22506.pdb,WLWDENEK
satpdb22518.pdb,GFRDVLKGAAKEFVKTVAGHIAN
satpdb22540.pdb,DEMEC
satpdb22625.pdb,ELIAASHL
satpdb22667.pdb,GLWNKIKEAASKAAGKAALGFVNEMV
satpdb22681.pdb,NLGKQWAVGHFM
satpdb22695.pdb,DEAEAC
satpdb22738.pdb,FLAGLIGGLAKML
satpdb22765.pdb,ILPIRSLIKKLL
satpdb22772.pdb,ILGPVLGLVSNALGGLIKKI
satpdb22782.pdb,GLFDIIKNIVSTL
satpdb22834.pdb,DVPKSDQFVGLM
satpdb22871.pdb,RRWWCRQ
satpdb22885.pdb,AVLDFIKAAGKGLVTNIMEKVG
satpdb22907.pdb,KWKLFKKIGAVLKVL
satpdb22914.pdb,GLWQKIKDKASELVSGIVEGVK
satpdb23012.pdb,LIGPVLGLVGSALGGLLKKI
satpdb23092.pdb,NEEEKVKWEPDVP
satpdb23093.pdb,GIGGKILGGLKTALKGAAKELAATYLQ
satpdb23125.pdb,GIGGKILSGLKTALKGAAKELASTYLH
satpdb23134.pdb,GRKKRRQRRRC
satpdb23172.pdb,VNWKKILAKIIKVVK
satpdb23195.pdb,GIGALSAKGALKGLAKGLAEHFAN
satpdb23233.pdb,KPWERL
satpdb23237.pdb,V
satpdb23302.pdb,ALWKTLLKKVLKA
satpdb23313.pdb,DDLEAC
satpdb23319.pdb,F
satpdb23322.pdb,IIEKLVNTALGLLSGL
satpdb23356.pdb,GLFDIVKKVVGAIGSL
satpdb23417.pdb,KVP
satpdb23444.pdb,VNWRRILGRIIRVVR
satpdb23460.pdb,IIPLPLGYFAKKT
satpdb23474.pdb,GKWMSLWKHILK
satpdb23503.pdb,WRRRRL
satpdb23521.pdb,ILGPVLGLVSNALGGLL
satpdb23545.pdb,DEFEAC
satpdb23561.pdb,KFF
satpdb23593.pdb,YPFPG
satpdb23631.pdb,INWKKIAEVGGKILSSL
satpdb23658.pdb,QPNPNEFFGLM
satpdb23659.pdb,RHLCW
satpdb23673.pdb,LRPAFIRPKGK
satpdb23680.pdb,FFPIVGKLLSGLSGLL
satpdb23710.pdb,GLFSVLGSVAKHVVPRVVPVIAEHL
satpdb23728.pdb,VNWKKLLGKLLKVVK
satpdb23761.pdb,DAQEKRQPWIPFV
satpdb23792.pdb,WYNQTKDLQQKFYEIIMDIEQNNVQGKKGIQQLQK
satpdb23807.pdb,RRWWCRR
satpdb23890.pdb,FLPLIGKVLSGIL
satpdb23892.pdb,AGLLDILGL
satpdb23921.pdb,GLWQLIKDKIKDAATGFVTGIQS
satpdb23944.pdb,HWCW
satpdb23972.pdb,KWKLFKKIGIGAVLKVLTTGLPALIS
satpdb23985.pdb,ILGPILGLVSNALGGLL
satpdb23993.pdb,DELIACPADL
satpdb24016.pdb,VNWKKILPKIIKVVK
satpdb24034.pdb,ILGPVLGLVGDTLGDLL
satpdb24045.pdb,GLLGAMFKVASKVLPHVVPAITEHF
satpdb24053.pdb,RRWWCRT
satpdb24063.pdb,FVGLAKVAAHVVPAIAEHF
satpdb24088.pdb,RGGRLCYCRGWICFCVGR
satpdb24138.pdb,SWPLN
satpdb24155.pdb,FLPIVGKLLSGLF
satpdb24201.pdb,NKWKKILGKIIKVVK
satpdb24243.pdb,GIGASILSAGKSALKGLAKGLAEHFAN
satpdb24283.pdb,FITVH
satpdb24314.pdb,YNQTKDLQQKFYEIIMDIEQNNVQGKKGIQQLQKW
satpdb24323.pdb,GIGSALAKAAKLVAGIV
satpdb24349.pdb,ALWKTLLKKVLKA
satpdb24360.pdb,WYCW
satpdb24393.pdb,RRWWCRG
satpdb24400.pdb,VLPIIGNLLNSLL
satpdb24462.pdb,ALWKTLLKKVLKA
satpdb24495.pdb,FPPWVL
satpdb24513.pdb,GIGGKILGGLKTALKGAAKELASTYLH
satpdb24538.pdb,GLVGTLLGHIGKAILS
satpdb24547.pdb,GLFSVLGSVAKHLLPHVVPVIAEKL
satpdb24557.pdb,GLFSVLGAVAKHVLPHVVPVIAEKL
satpdb24567.pdb,FPVLFPVL
satpdb24594.pdb,QADPNAFYGLM
satpdb24616.pdb,EDGGSFMCLWCGEVHG
satpdb24692.pdb,KWKLFKKIEKVGQGIGAVLKVLTTGL
satpdb24698.pdb,KPAWCWYTLAMCGAGYDSGTCDYMYSHCFGIKHHSSGSSSYHC
satpdb24748.pdb,GLFDIIKKIAESI
satpdb24769.pdb,YAGAVVNDL
satpdb24798.pdb,FLPILGKLLSGFL
satpdb24799.pdb,DDASDRAKKFYGLM
satpdb24802.pdb,DDILEAC
satpdb24856.pdb,KRIVQRIKDFLR
satpdb24873.pdb,ALWKNMLSGIGKLAGQAALGAVKTLV
satpdb24888.pdb,RLLLRIGRR
satpdb24953.pdb,AMVGT
satpdb24955.pdb,VFQFLGRIIHHVGNFVHGFSHVF
satpdb24967.pdb,RRRRHWCW
satpdb24976.pdb,SLWSKIKEMAATAGKAALNAVTGMVNQ
satpdb24998.pdb,FFPIVGKLLS
satpdb25003.pdb,GVLDAFRKIATVVKNVV
satpdb25023.pdb,QQRLGNQWAVGHLM
satpdb25061.pdb,SIFPAIVSFLSKFL
satpdb25095.pdb,GLEESPGHPGQPGPPGPPGAPGP
satpdb25135.pdb,AAAEETRRMLHRAFDTLA
satpdb25160.pdb,WRRRIL
satpdb25215.pdb,FFKKLHPLHLALLAHLAHLKKA
satpdb25335.pdb,GLFSVLGAVAKHVLPHVVPVIAEK
satpdb25380.pdb,GLFDVIAKVASVIKKL
satpdb25386.pdb,MEEC
satpdb25484.pdb,GVLDAFKKIATVVKNLV
satpdb25495.pdb,GWGDTFGKVLKNFAKVAGVKAAK
satpdb25606.pdb,DAQEKRQPWLPFG
satpdb25663.pdb,QIPWFHR
satpdb25666.pdb,GLLSVLGSVAQHVLPHVVPVIAEHL
satpdb25668.pdb,GLGSVLGKALKIGANLL
satpdb25687.pdb,ELYENKPRRPYIL
satpdb25699.pdb,GLWEKVKEKANELVSGIVEGVK
satpdb25704.pdb,ALWKTLLKKVLKA
satpdb25706.pdb,FFSMIPKIATGIASLVKNL
satpdb25754.pdb,TPFKLSLHL
satpdb25781.pdb,GLLGFVGSLLGGLGI
satpdb25785.pdb,GMWKKILGKLIR
satpdb25814.pdb,EDVVCPLSY
satpdb25842.pdb,GIWDTLKNVGKAVLGKVLENV
satpdb25851.pdb,GLFDIVKKVVGALGS
satpdb25864.pdb,WKSESVCTPGCVTGLLQTCFLQTITCNCKISK
satpdb25874.pdb,SDKPDVKEVESFDKSKLKKVETQEKNPLPTKETIEQEKKG
satpdb25895.pdb,FIGPIISALASLFG
satpdb25931.pdb,FFPIVGKLLFGLFGLL
satpdb25953.pdb,GKWMSLLKHILK
satpdb25974.pdb,GIGGKILSGFKTALKGAAKELAFTYLH
satpdb25996.pdb,RRWWCRD
satpdb26021.pdb,GVLDILKGAGKDLLAHALSKISEKV
satpdb26023.pdb,KMWSKILGHLIR
satpdb26138.pdb,GLFDIVKKVVGTLAGL
satpdb26143.pdb,QSFGNQWARGHFM
satpdb26207.pdb,GMWSKILKHLIR
satpdb26224.pdb,FLPFLATLLSKVL
satpdb26226.pdb,QPHPDEFVGLM
satpdb26231.pdb,DDFLEAC
satpdb26250.pdb,GMWSKILGHLIK
satpdb26285.pdb,SCVSQSTGQIQCKVFDSLLNLSSTLQAT
satpdb26358.pdb,NQTKDLQQKFYEIIMDIEQNNVQGKKGIQQLQKWE
satpdb26394.pdb,NVWKKILGKIIKVVK
satpdb26416.pdb,GKWMTLLKHILK
satpdb26454.pdb,GLWSKIKAAGKEAAKAAAKAAGKAALNAVSEAV
satpdb26471.pdb,DAQEKRQPWLPFV
satpdb26605.pdb,VFHLLGKIIHHVGNFVYGFSHVF
satpdb26628.pdb,ILGAILPLVSGLLSSKL
satpdb26639.pdb,VDKPPYLPRPPPPRRIYNNR
satpdb26682.pdb,FLPIVGRLISGIL
satpdb26751.pdb,ALWKTLLKKVLKA
satpdb26764.pdb,VNWKKILKKIIKVVK
satpdb26796.pdb,GIGTKIIGGLKTAVKGALKELASTYVN
satpdb26805.pdb,GVGSFIHKVVSAIKNVA
satpdb26841.pdb,DDIVPV
satpdb26854.pdb,RLRLRIGRR
satpdb26924.pdb,VNWKKVLGKIIKVAK
satpdb26934.pdb,SLRGFLKGVGTALAGVGKVVADQFDKLLQAGQ
satpdb27021.pdb,VNFKKLLGKLLKVVK
satpdb27025.pdb,ATAEETRRMLARAFDTLA
satpdb27052.pdb,ALWKTLLKKVLKA
satpdb27076.pdb,WFWW
satpdb27077.pdb,LY
satpdb27115.pdb,LRPAVIRPKGK
satpdb27121.pdb,DYLEAC
satpdb27199.pdb,RRHLCW
satpdb27236.pdb,DILR
satpdb27239.pdb,MRTGNAD
satpdb27270.pdb,GLFDIVKKVVGAFGSL
satpdb27291.pdb,GIGRKFLGGVKTTFRCGVKDFASKHLY
satpdb27370.pdb,GLLDFLKAAGKGLVTNL
satpdb27399.pdb,GILRG
satpdb27426.pdb,FLSLLPSIVSGAVSLAKKL
satpdb27484.pdb,GLFDIIKNIFSGL
satpdb27487.pdb,FLSHIAGFLSNLF
satpdb27508.pdb,QQDYTGAHMDF
satpdb27520.pdb,VNWKKLGKIKVK
satpdb27541.pdb,GLFAVIKKVASVIKKL
satpdb27571.pdb,FISAIASMLGKFL
satpdb27587.pdb,QILRG
satpdb27603.pdb,KNWKKLKKIKVK
satpdb27655.pdb,GIGSAILSAGKSALKGLAKGLAEHFAN
satpdb27661.pdb,GFGMALRLLRRVL
satpdb27684.pdb,ALWKDMLSGIGKLAGQAALGAVKTLV
satpdb27714.pdb,GLLDVVGNLLGGLGL
satpdb27725.pdb,GLFGVLAKVASHVVPAIAEHFQA
satpdb27732.pdb,GFVDFLKKVAGTIANVVT
satpdb27747.pdb,IKF
satpdb27761.pdb,HWCW
satpdb27768.pdb,KWCFRVCYRGICYRKCR
satpdb27770.pdb,IIGPVLGLVGKPLESLLE
satpdb27792.pdb,EKKCPGRCTLKCGKHERPTLPYNCGKYICCVPVKVK
satpdb27855.pdb,FRPALIVRTKGK
satpdb27861.pdb,KWKLFKKIGIGAFLHLAKKF
satpdb27872.pdb,DEMEAC
satpdb27887.pdb,GLGKAQCAALWLQCASGGTIGCGGGAVACQNYRQFCR
satpdb27896.pdb,KPPWRL
satpdb27905.pdb,EDVVCALSY
satpdb27910.pdb,GWASKIGQTLGKIAKVGLKELIQPK
satpdb27932.pdb,GVLDILTGAGKDLLAHALSKLSEKV
satpdb27938.pdb,LKLSPETKDTLKKVLKGAIKGAIAIASLA
satpdb27990.pdb,GIGGALLSAGKSALKGLAKGLAEHFAS
satpdb28067.pdb,DEPKPDQFVGLM
satpdb28084.pdb,ALWKTLLKKVLKA
satpdb28111.pdb,VIGSILGALASGLPTLISWIKNR
satpdb28147.pdb,GLFKVIKKVASVIGGL
satpdb28151.pdb,ATAEEARRMLHRAFDTLA
satpdb28165.pdb,GLLSVLGSVAKHVLPHVVPVIAEHL
satpdb28181.pdb,SEEEKRQPWLPFG
satpdb28185.pdb,KWKIFKKIEKVGRNIRNGIIKAGPAVAVLGEAKAL
satpdb28267.pdb,FITGLIGGLMKAL
satpdb28275.pdb,DEMEAC
satpdb28284.pdb,GLLSGILNSAGGLLGNLIGSLSN
satpdb28296.pdb,QQDYGTGWMDF
satpdb28319.pdb,FAAGRK
satpdb28329.pdb,QNPNRFIGLM
satpdb28333.pdb,GIGKFLKKAKKFGKAFVKILKK
satpdb28357.pdb,GIGGVLLSAGKAALKGLTKVLAEKYAN
satpdb28374.pdb,GIGSLLAKAAKLGANLL
satpdb28391.pdb,FLPIALKALGSIFPKIL
satpdb28454.pdb,FLPVILPVIGKLLNGIL
satpdb28491.pdb,FLISIPYSASIGGTATLTGTA
satpdb28503.pdb,GIVDFAKKVVGGIRNALGI
satpdb28539.pdb,WLWSENSK
satpdb28566.pdb,FLPLKKLRFGLL
satpdb28572.pdb,RHLCW
satpdb28577.pdb,ATAEETRRMLHRAFATLA
satpdb28615.pdb,GLFDIVKKVVGTIAGL
satpdb28619.pdb,AKKLHALHALLALHLPHLKKFF
satpdb28621.pdb,GWFGKAFRSVSNFYKKHKTYIHAGLSAATLL
satpdb28624.pdb,GTGLPMSERRKIMLMMR
satpdb28662.pdb,FLPFVGNLLKGLL
satpdb28691.pdb,GIGGALLSAGKSALKGLAKVLADKFAN
satpdb28743.pdb,FKCRRWQWRMKKLGA
satpdb28792.pdb,EDGGSFMCLWCGEVHG
satpdb28801.pdb,GLRSKIKEAAKTAGKMALGFVNDMA
satpdb28843.pdb,QTWLPFV
satpdb28854.pdb,QPDPNAFYGLM
satpdb28858.pdb,DELEAC
satpdb28864.pdb,FLSLIPHIVSGVAALAKHLG
satpdb28883.pdb,GILDPIKAFAKAAG
satpdb28924.pdb,GNITLGEWYNQTKDLQQKFYEIIMDIEQNNVQG
satpdb28930.pdb,FKCRRWQWRMKK
satpdb28937.pdb,KHKRRR
satpdb29008.pdb,FLSLIPHAINAISAIANHF
satpdb29013.pdb,NILRG
satpdb29017.pdb,QPWLPFR
satpdb29018.pdb,FFHLHFHY
satpdb29027.pdb,GLWQKIKSAAGDLASGIVEAIKS
satpdb29066.pdb,GKWMSFLKHILK
satpdb29086.pdb,FLPIIGKLLSGIL
satpdb29091.pdb,PFKLSLHL
satpdb29105.pdb,ALWKDILKNAGKAALNEINQLVNQ
satpdb29134.pdb,GKWMSLLKHWLK
satpdb29140.pdb,SILPTIVSFLSKFL
satpdb29149.pdb,FRPALIVRTKGTRL
